technique,model,cv_log_rmse,cv_log_mae,cv_log_r2,cv_original_rmse,cv_original_mae,cv_original_r2,test_log_rmse,test_log_mae,test_log_r2,test_original_rmse,test_original_mae,test_original_r2,n_features,cv_seconds,train_seconds
baseline,XGBoost,0.116128195262875,0.0792752024812176,0.9135091719669,23382.993501039276,14303.71368117458,0.9143548959612992,0.1166866537166625,0.0810168074498566,0.91923076926146,18836.16149744545,13789.745357983744,0.9357678326723494,265,3.3096937000009348,0.6653709999991406
baseline,RandomForest,0.1330362487382287,0.0919017396891701,0.8867840504420071,26599.5450999424,16563.081094221314,0.8892947982979829,0.1416054071458638,0.0950574424776931,0.8810503277886624,23085.89735865468,16157.501409863107,0.903514670027532,265,3.797609499999453,0.8035989999989397
baseline,SVR,0.1388608186035549,0.0918012767765939,0.8753217098465038,30397.651891950303,16635.65018887256,0.8502671343569961,0.1418588749841466,0.0905882056237474,0.8806241166652119,22065.40983564745,15595.05056824692,0.9118562015061056,265,0.6509863999999652,0.1547239000010449
filter_kbest,SVR,0.1501287628296764,0.10678530495716285,0.8550225186881582,29460.120393813202,19136.18205123002,0.8638335570211085,0.16337124422986268,0.11096608085330815,0.8416730634283943,25769.046575709755,18517.119801861965,0.8797833929276351,50,0.7746697810000569,0.20887914800005092
filter_kbest,RandomForest,0.1375509254219062,0.09563582625453385,0.8790188501929513,27178.07756109548,17217.731188379414,0.8849000769167674,0.14974125991632942,0.09952054272275239,0.8669893115244898,23721.851575739904,16641.584550912845,0.898125630454143,50,14.100869033999743,3.6406075299998975
filter_kbest,XGBoost,0.13065135444547996,0.09198863244080302,0.8907040809647743,26131.892867840637,16545.806162907866,0.8938654970334092,0.14367822914367737,0.09665238742849924,0.8775424662234967,22248.74777950983,16042.338305329626,0.9103853710298722,50,1.3739191559996016,0.2707600700000512
filter_mi,SVR,0.14775422884119294,0.10455585102290406,0.859764523482459,28835.205022770395,18686.637369374912,0.867981191859324,0.14736116411815725,0.09944984312557888,0.8711840434204988,22815.19498759307,16735.726989968654,0.9057641537051658,50,6.212997337000388,1.4708334150000155
filter_mi,RandomForest,0.1334476206486018,0.09232880952962276,0.8860125149466617,26414.254714405535,16608.87905837714,0.8906766871861815,0.14347501397301662,0.09440720960936691,0.8778886234698219,22940.289417026877,15906.969543109706,0.9047279410459101,50,21.34103740200021,5.195687547000034
filter_mi,XGBoost,0.12378705896586173,0.08672397346785707,0.9018417852139281,24752.51216320576,15637.926415139762,0.9043855459258674,0.13069915221966805,0.08666290369333286,0.8986674161816771,20586.08415575186,14608.519424229453,0.9232788236330469,50,7.1795245829996475,1.752987517999827
wrapper_rfe,SVR,0.1466806904500019,0.10186112241179135,0.8608124309346408,28995.240327453754,18175.240787814182,0.866849478587635,0.14425922187267953,0.09594010330812613,0.876550098961449,22564.223371879933,16016.189469906674,0.9078259763127671,50,1.4537100200000168,0.3878323280000586
wrapper_rfe,RandomForest,0.13301643863375773,0.09209454053058656,0.8867799566918789,26430.190589405538,16600.06498688005,0.8905477452386042,0.14296736357305026,0.09369504888443132,0.8787512157717783,22955.54884634509,15821.889787184435,0.9046011526918627,50,33.44169379100026,8.116005390000055
wrapper_rfe,XGBoost,0.118993524517009,0.08155516523384825,0.9092053674268745,22736.367684621964,14416.27687358429,0.919176507537894,0.11849801121852072,0.08208901491033949,0.9167037022989536,18409.14214063041,13755.865796232883,0.938647132205425,50,8.586187146000157,1.8803020499999548
embedded_lasso,SVR,0.14437785371666295,0.09602010812625149,0.8648613902204575,31763.06028176066,17437.907742960982,0.8360311378800628,0.1480512947930849,0.09248310702735682,0.8699746608245172,22442.337406861912,15825.998689542646,0.908819086170788,93,2.3860110390000955,0.5660834880000039
embedded_lasso,RandomForest,0.13160020119013888,0.09074115776056182,0.8891466633793058,26440.180116545915,16371.27575723889,0.890655706766222,0.14193842901664236,0.09523228641150623,0.880490187846154,22949.984336643854,16139.43105491275,0.9046473971511133,93,20.83426348700027,4.828494671000044
embedded_lasso,XGBoost,0.11733716162588223,0.08092399037168911,0.9117014055499171,23439.674857094873,14507.878779552291,0.9139559410767737,0.12099142706242007,0.08202600045811795,0.9131614078735207,19770.811291032147,14146.266895869003,0.9292352873806624,93,3.5216267330001756,0.7914241080000011
embedded_rf,SVR,0.1432276267548977,0.10036091111520906,0.8682608915296107,28426.86764270364,17908.40595295069,0.8730267914345348,0.15520465079986753,0.10018682983613311,0.8571063145349797,24178.607581062883,17012.368172393493,0.8941647502444638,50,9.55277439800011,2.408055862000083
embedded_rf,RandomForest,0.13318136488271787,0.09188469346624976,0.8865153307687665,26594.824270888086,16564.031606624703,0.8892889162325668,0.14229429506697258,0.09355949390736343,0.8798901699399727,22605.062341532997,15757.341269157776,0.9074920229930596,50,24.872618129999864,6.1485288670000955
embedded_rf,XGBoost,0.12207310775188107,0.08447562702891956,0.904507151484005,24501.19258068864,15171.323238641062,0.9062836552093965,0.1240784981176959,0.08394106785168096,0.9086735383771812,18904.968032260655,14032.778079516267,0.9352977087552093,50,10.501363770000125,2.470497239999986
