,filter_kbest,filter_mi,wrapper_rfe,embedded_lasso,embedded_rf,n_techniques
LotFrontage,1,1,0,1,1,4
LotArea,1,1,1,1,1,5
MasVnrArea,1,1,0,0,1,3
ExterQual,1,1,1,1,1,5
ExterCond,0,0,0,1,0,1
BsmtQual,1,1,1,0,1,4
BsmtCond,0,0,0,1,0,1
BsmtFinSF1,0,1,1,1,1,4
BsmtFinSF2,0,0,0,1,0,1
BsmtUnfSF,0,1,0,1,1,3
1stFlrSF,1,1,1,1,1,5
2ndFlrSF,0,1,1,0,1,3
LowQualFinSF,0,0,0,0,0,0
GrLivArea,1,1,1,1,1,5
BsmtHalfBath,0,0,0,1,0,1
KitchenAbvGr,0,0,1,1,0,2
GarageQual,1,1,0,1,1,4
GarageCond,1,1,1,0,1,4
WoodDeckSF,1,1,1,1,1,5
OpenPorchSF,1,1,0,1,1,4
EnclosedPorch,0,0,0,1,1,2
3SsnPorch,0,0,0,1,0,1
ScreenPorch,0,0,0,1,0,1
PoolArea,0,0,0,0,0,0
PoolQC,0,0,0,1,0,1
MiscVal,0,0,0,1,0,1
TotalSF,1,1,1,1,1,5
OverallQual,1,1,1,1,1,5
OverallCond,0,1,1,1,1,4
YearBuilt,1,1,1,0,1,4
YearRemodAdd,1,1,1,0,1,4
TotalBsmtSF,1,1,0,1,1,4
HeatingQC,1,1,0,1,1,4
BsmtFullBath,0,0,0,1,0,1
FullBath,1,1,0,0,1,3
HalfBath,1,1,0,1,0,3
BedroomAbvGr,0,1,0,1,1,3
KitchenQual,1,1,1,1,1,5
TotRmsAbvGrd,1,1,1,1,1,5
Fireplaces,1,1,1,1,1,5
FireplaceQu,1,1,1,1,1,5
GarageCars,1,1,1,1,1,5
GarageArea,1,1,1,1,1,5
MoSold,0,0,0,1,1,2
YrSold,0,0,0,1,1,2
HouseAge,1,1,1,1,1,5
RemodAge,1,1,1,1,1,5
TotalBath,1,1,1,1,1,5
MSSubClass_120,0,0,0,0,0,0
MSSubClass_160,0,0,1,1,0,2
MSSubClass_180,0,0,0,0,0,0
MSSubClass_190,0,0,0,0,0,0
MSSubClass_20,0,0,0,0,0,0
MSSubClass_30,1,1,1,1,0,4
MSSubClass_40,0,0,0,0,0,0
MSSubClass_45,0,0,0,0,0,0
MSSubClass_50,0,0,0,0,0,0
MSSubClass_60,1,1,0,0,0,2
MSSubClass_70,0,0,0,0,0,0
MSSubClass_75,0,0,0,0,0,0
MSSubClass_80,0,0,0,0,0,0
MSSubClass_85,0,0,0,0,0,0
MSSubClass_90,0,0,0,0,0,0
MSZoning_C (all),0,0,1,1,0,2
MSZoning_FV,0,0,0,1,0,1
MSZoning_RH,0,0,0,0,0,0
MSZoning_RL,0,0,1,0,1,2
MSZoning_RM,1,0,1,1,1,4
Street_Grvl,0,0,0,0,0,0
Street_Pave,0,0,0,0,0,0
Alley_Grvl,0,0,0,0,0,0
Alley_None,0,0,0,1,0,1
Alley_Pave,0,0,0,1,0,1
LotShape_IR1,0,0,0,1,0,1
LotShape_IR2,0,0,0,0,0,0
LotShape_IR3,0,0,0,0,0,0
LotShape_Reg,0,1,1,0,1,3
LandContour_Bnk,0,0,0,1,0,1
LandContour_HLS,0,0,0,0,0,0
LandContour_Low,0,0,0,0,0,0
LandContour_Lvl,0,0,0,0,0,0
Utilities_AllPub,0,0,0,0,0,0
Utilities_infrequent_sklearn,0,0,0,0,0,0
LotConfig_Corner,0,0,0,1,0,1
LotConfig_CulDSac,0,0,0,1,0,1
LotConfig_FR2,0,0,0,0,0,0
LotConfig_FR3,0,0,0,0,0,0
LotConfig_Inside,0,0,0,0,0,0
LandSlope_Gtl,0,0,0,0,0,0
LandSlope_Mod,0,0,1,0,0,1
LandSlope_Sev,0,0,0,0,0,0
Neighborhood_Blmngtn,0,0,0,0,0,0
Neighborhood_BrDale,0,0,0,0,0,0
Neighborhood_BrkSide,0,0,0,1,0,1
Neighborhood_ClearCr,0,0,0,0,0,0
Neighborhood_CollgCr,0,0,0,0,0,0
Neighborhood_Crawfor,0,0,1,1,1,3
Neighborhood_Edwards,0,0,0,1,0,1
Neighborhood_Gilbert,0,0,0,1,0,1
Neighborhood_IDOTRR,0,0,0,0,0,0
Neighborhood_MeadowV,0,0,0,0,0,0
Neighborhood_Mitchel,0,0,0,1,0,1
Neighborhood_NAmes,0,0,0,0,0,0
Neighborhood_NPkVill,0,0,0,0,0,0
Neighborhood_NWAmes,0,0,0,1,0,1
Neighborhood_NoRidge,0,0,0,1,0,1
Neighborhood_NridgHt,1,0,0,1,0,2
Neighborhood_OldTown,0,0,1,0,1,2
Neighborhood_SWISU,0,0,0,0,0,0
Neighborhood_Sawyer,0,0,0,0,0,0
Neighborhood_SawyerW,0,0,0,1,0,1
Neighborhood_Somerst,0,0,0,0,0,0
Neighborhood_StoneBr,0,0,0,1,0,1
Neighborhood_Timber,0,0,0,0,0,0
Neighborhood_Veenker,0,0,0,0,0,0
Neighborhood_infrequent_sklearn,0,0,0,0,0,0
Condition1_Artery,0,0,1,1,0,2
Condition1_Feedr,0,0,0,0,0,0
Condition1_Norm,0,0,0,1,0,1
Condition1_PosA,0,0,0,0,0,0
Condition1_PosN,0,0,0,0,0,0
Condition1_RRAe,0,0,0,1,0,1
Condition1_RRAn,0,0,0,0,0,0
Condition1_RRNn,0,0,0,0,0,0
Condition1_infrequent_sklearn,0,0,0,0,0,0
Condition2_Artery,0,0,0,0,0,0
Condition2_Feedr,0,0,0,0,0,0
Condition2_Norm,0,0,0,0,0,0
Condition2_infrequent_sklearn,0,0,0,0,0,0
BldgType_1Fam,0,0,0,1,0,1
BldgType_2fmCon,0,0,0,0,0,0
BldgType_Duplex,0,0,0,0,0,0
BldgType_Twnhs,0,0,0,0,0,0
BldgType_TwnhsE,0,0,0,0,0,0
HouseStyle_1.5Fin,0,0,0,1,0,1
HouseStyle_1.5Unf,0,0,0,0,0,0
HouseStyle_1Story,0,0,1,0,0,1
HouseStyle_2.5Fin,0,0,0,0,0,0
HouseStyle_2.5Unf,0,0,0,0,0,0
HouseStyle_2Story,0,0,0,0,0,0
HouseStyle_SFoyer,0,0,0,0,0,0
HouseStyle_SLvl,0,0,0,0,0,0
RoofStyle_Flat,0,0,0,0,0,0
RoofStyle_Gable,0,0,0,1,0,1
RoofStyle_Gambrel,0,0,0,0,0,0
RoofStyle_Hip,0,0,0,0,0,0
RoofStyle_Mansard,0,0,0,0,0,0
RoofStyle_Shed,0,0,0,0,0,0
RoofMatl_CompShg,0,0,0,0,0,0
RoofMatl_Tar&Grv,0,0,0,0,0,0
RoofMatl_WdShake,0,0,0,0,0,0
RoofMatl_WdShngl,0,0,0,1,0,1
RoofMatl_infrequent_sklearn,0,0,0,0,0,0
Exterior1st_AsbShng,0,0,0,0,0,0
Exterior1st_BrkComm,0,0,0,0,0,0
Exterior1st_BrkFace,0,0,1,1,0,2
Exterior1st_CemntBd,0,0,0,0,0,0
Exterior1st_HdBoard,0,0,0,0,0,0
Exterior1st_MetalSd,0,0,0,1,0,1
Exterior1st_Plywood,0,0,0,0,0,0
Exterior1st_Stucco,0,0,0,0,0,0
Exterior1st_VinylSd,1,1,0,0,0,2
Exterior1st_Wd Sdng,0,0,0,1,0,1
Exterior1st_WdShing,0,0,0,0,0,0
Exterior1st_infrequent_sklearn,0,0,0,0,0,0
Exterior2nd_AsbShng,0,0,0,0,0,0
Exterior2nd_AsphShn,0,0,0,0,0,0
Exterior2nd_Brk Cmn,0,0,0,0,1,1
Exterior2nd_BrkFace,0,0,0,0,0,0
Exterior2nd_CmentBd,0,0,0,0,0,0
Exterior2nd_HdBoard,0,0,0,0,0,0
Exterior2nd_ImStucc,0,0,0,0,0,0
Exterior2nd_MetalSd,0,0,0,0,0,0
Exterior2nd_Plywood,0,0,0,1,0,1
Exterior2nd_Stone,0,0,0,0,0,0
Exterior2nd_Stucco,0,0,0,0,0,0
Exterior2nd_VinylSd,1,1,0,0,0,2
Exterior2nd_Wd Sdng,0,0,0,0,0,0
Exterior2nd_Wd Shng,0,0,0,0,0,0
Exterior2nd_infrequent_sklearn,0,0,0,0,0,0
MasVnrType_BrkCmn,0,0,0,0,0,0
MasVnrType_BrkFace,0,0,0,1,0,1
MasVnrType_None,1,1,0,0,0,2
MasVnrType_Stone,1,0,0,1,0,2
Foundation_BrkTil,0,0,0,0,0,0
Foundation_CBlock,1,1,0,0,0,2
Foundation_PConc,1,1,0,1,0,3
Foundation_Slab,0,0,0,0,0,0
Foundation_Stone,0,0,0,0,0,0
Foundation_Wood,0,0,0,0,0,0
BsmtExposure_Av,0,0,0,0,0,0
BsmtExposure_Gd,0,0,1,1,1,3
BsmtExposure_Mn,0,0,0,0,0,0
BsmtExposure_No,0,0,0,1,0,1
BsmtExposure_None,0,0,0,0,0,0
BsmtFinType1_ALQ,0,0,1,0,0,1
BsmtFinType1_BLQ,0,0,0,0,0,0
BsmtFinType1_GLQ,1,1,1,0,0,3
BsmtFinType1_LwQ,0,0,0,1,0,1
BsmtFinType1_None,0,0,0,0,0,0
BsmtFinType1_Rec,0,0,0,1,0,1
BsmtFinType1_Unf,0,0,0,0,0,0
BsmtFinType2_ALQ,0,0,0,0,0,0
BsmtFinType2_BLQ,0,0,0,0,0,0
BsmtFinType2_GLQ,0,0,0,0,0,0
BsmtFinType2_LwQ,0,0,0,0,0,0
BsmtFinType2_None,0,0,0,0,0,0
BsmtFinType2_Rec,0,0,0,0,0,0
BsmtFinType2_Unf,0,0,0,0,0,0
Heating_GasA,0,0,1,0,0,1
Heating_GasW,0,0,0,0,0,0
Heating_Grav,0,0,0,0,0,0
Heating_Wall,0,0,0,0,0,0
Heating_infrequent_sklearn,0,0,0,0,0,0
CentralAir_N,1,1,1,1,1,5
CentralAir_Y,1,1,0,0,1,3
Electrical_FuseA,0,0,0,0,0,0
Electrical_FuseF,0,0,0,0,0,0
Electrical_FuseP,0,0,0,0,0,0
Electrical_SBrkr,0,0,0,0,0,0
Functional_Maj1,0,0,0,0,0,0
Functional_Maj2,0,0,0,0,0,0
Functional_Min1,0,0,0,0,0,0
Functional_Min2,0,0,0,0,0,0
Functional_Mod,0,0,0,0,0,0
Functional_Typ,0,0,1,1,0,2
GarageType_2Types,0,0,1,0,0,1
GarageType_Attchd,1,1,0,0,0,2
GarageType_Basment,0,0,0,1,0,1
GarageType_BuiltIn,0,0,0,1,0,1
GarageType_CarPort,0,0,0,0,0,0
GarageType_Detchd,1,1,1,1,1,5
GarageType_None,1,0,0,0,0,1
GarageFinish_Fin,1,1,0,1,0,3
GarageFinish_None,1,0,0,0,0,1
GarageFinish_RFn,0,1,0,0,0,1
GarageFinish_Unf,1,1,1,0,1,4
PavedDrive_N,0,0,1,0,1,2
PavedDrive_P,0,0,0,0,0,0
PavedDrive_Y,1,0,0,1,0,2
Fence_GdPrv,0,0,0,0,0,0
Fence_GdWo,0,0,1,1,1,3
Fence_MnPrv,0,0,0,1,0,1
Fence_MnWw,0,0,0,0,0,0
Fence_None,0,0,0,1,0,1
MiscFeature_Gar2,0,0,0,0,0,0
MiscFeature_None,0,0,0,0,0,0
MiscFeature_Othr,0,0,0,0,0,0
MiscFeature_Shed,0,0,0,0,0,0
MiscFeature_infrequent_sklearn,0,0,0,0,0,0
SaleType_COD,0,0,0,1,0,1
SaleType_CWD,0,0,0,0,0,0
SaleType_Con,0,0,0,0,0,0
SaleType_ConLD,0,0,0,0,0,0
SaleType_ConLI,0,0,0,0,0,0
SaleType_ConLw,0,0,0,0,0,0
SaleType_New,1,1,0,1,0,3
SaleType_Oth,0,0,0,0,0,0
SaleType_WD,0,0,0,1,0,1
SaleCondition_Abnorml,0,0,1,1,1,3
SaleCondition_AdjLand,0,0,0,0,0,0
SaleCondition_Alloca,0,0,0,0,0,0
SaleCondition_Family,0,0,1,0,1,2
SaleCondition_Normal,0,0,1,1,0,2
SaleCondition_Partial,1,0,0,0,0,1
